-- phpMyAdmin SQL Dump
-- version 4.5.1
-- http://www.phpmyadmin.net
--
-- Host: 127.0.0.1
-- Generation Time: May 27, 2017 at 05:58 PM
-- Server version: 10.1.16-MariaDB
-- PHP Version: 5.5.38

SET SQL_MODE = "NO_AUTO_VALUE_ON_ZERO";
SET time_zone = "+00:00";


/*!40101 SET @OLD_CHARACTER_SET_CLIENT=@@CHARACTER_SET_CLIENT */;
/*!40101 SET @OLD_CHARACTER_SET_RESULTS=@@CHARACTER_SET_RESULTS */;
/*!40101 SET @OLD_COLLATION_CONNECTION=@@COLLATION_CONNECTION */;
/*!40101 SET NAMES utf8mb4 */;

--
-- Database: `db_tt_blog_batch19`
--

-- --------------------------------------------------------

--
-- Table structure for table `tbl_admin`
--

CREATE TABLE `tbl_admin` (
  `admin_id` int(5) NOT NULL,
  `admin_name` varchar(50) NOT NULL,
  `email_address` varchar(255) NOT NULL,
  `admin_password` varchar(32) NOT NULL,
  `access_lable` tinyint(1) NOT NULL
) ENGINE=InnoDB DEFAULT CHARSET=utf8;

--
-- Dumping data for table `tbl_admin`
--

INSERT INTO `tbl_admin` (`admin_id`, `admin_name`, `email_address`, `admin_password`, `access_lable`) VALUES
(1, 'Md. Nazmul Haque', 'raseln90@gmail.com', '96e79218965eb72c92a549dd5a330112', 1),
(2, 'Md. Rasel Arifin', 'raseln24@gmail.com', 'e10adc3949ba59abbe56e057f20f883e', 2);

-- --------------------------------------------------------

--
-- Table structure for table `tbl_blog`
--

CREATE TABLE `tbl_blog` (
  `blog_id` int(5) NOT NULL,
  `category_id` int(3) NOT NULL,
  `blog_title` varchar(100) NOT NULL,
  `blog_short_description` text NOT NULL,
  `blog_long_description` text NOT NULL,
  `author_name` varchar(100) NOT NULL,
  `blog_image` varchar(100) NOT NULL,
  `hit_count` int(4) NOT NULL,
  `publication_status` tinyint(1) NOT NULL
) ENGINE=InnoDB DEFAULT CHARSET=utf8;

--
-- Dumping data for table `tbl_blog`
--

INSERT INTO `tbl_blog` (`blog_id`, `category_id`, `blog_title`, `blog_short_description`, `blog_long_description`, `author_name`, `blog_image`, `hit_count`, `publication_status`) VALUES
(13, 35, 'ফেসবুক বন্ধে কেন হাত নিশপিশ করে?', 'দুনিয়াটা যুক্তির জায়গা না কেবল, অযুক্তি, কুযুক্তি ও বিযুক্তির বাজারও এখানে চাঙা। রাত বারোটা থেকে ভোর ছয়টা পর্যন্ত ফেসবুক বন্ধ রাখার চিন্তাটা কোন ধরনের যুক্তি থেকে আসছে সেটা ভাবা দরকার। অযুক্তি বা কুযুক্তি যা-ই হোক, এমন কিছু হলে তা নির্ঘাত অনেকের সঙ্গে অনেকের বিযুক্তি ঘটাবে। তবে আশার কথা হলো, ডাক ও টেলিযোগাযোগ প্রতিমন্ত্রী তারানা হালিম বলেছেন, মন্ত্রণালয় এ ধরনের কোনো সিদ্ধান্ত নেয়নি।', 'দুনিয়াটা যুক্তির জায়গা না কেবল, অযুক্তি, কুযুক্তি ও বিযুক্তির বাজারও এখানে চাঙা। রাত বারোটা থেকে ভোর ছয়টা পর্যন্ত ফেসবুক বন্ধ রাখার চিন্তাটা কোন ধরনের যুক্তি থেকে আসছে সেটা ভাবা দরকার। অযুক্তি বা কুযুক্তি যা-ই হোক, এমন কিছু হলে তা নির্ঘাত অনেকের সঙ্গে অনেকের বিযুক্তি ঘটাবে। তবে আশার কথা হলো, ডাক ও টেলিযোগাযোগ প্রতিমন্ত্রী তারানা হালিম বলেছেন, মন্ত্রণালয় এ ধরনের কোনো সিদ্ধান্ত নেয়নি। মন্ত্রণালয় বিবেচনায় না নিলেও এ বিষয়ে ব্যবস্থা নিতে ডাক ও টেলিযোগাযোগ বিভাগকে বলেছিল মন্ত্রিপরিষদ বিভাগ। তাদের ডাকে সাড়া দিয়ে বাংলাদেশ টেলিযোগাযোগ নিয়ন্ত্রণ কমিশনের (বিটিআরসি) মতামত চেয়ে চিঠি পাঠায় ডাক ও টেলিযোগাযোগ বিভাগ। আশ্চর্যের বিষয়, মন্ত্রিপরিষদ বিভাগের চিঠিতে ফেসবুক নিয়ন্ত্রণে প্রধানমন্ত্রীর অনুশাসনের কথাও উল্লেখ করা হয়েছিল। এ নিয়ে ফেসবুক ও গণমাধ্যমে জল্পনা–কল্পনার মুখে মন্ত্রীর কথায় আপাতত আশ্বস্ত হওয়া গেল।<br>বিষয়টি তারপরও ভাবায়। অতীতের অভিজ্ঞতা থেকে বাংলাদেশের ফেসবুক ব্যবহারকারীরা সিঁদুরে মেঘ দেখলেই ডরাবেন। ২০১৫ সালের নভেম্বরে যুদ্ধাপরাধীদের মৃত্যুদণ্ডের রায়ের সময়ে সরকার তিন সপ্তাহ ফেসবুক বন্ধ রাখে। সেটা ছিল বাংলাদেশের অনলাইন জগতের জন্য এক মেঘাচ্ছন্ন সময়। সরকারের তরফ থেকে ইতিমধ্যে বাংলাদেশে ফেসবুক ব্যবহারে নিয়ন্ত্রণ আরোপের বেশ কিছু উদ্যোগ নেওয়া হয়েছে এবং এখনো সেসব জারি আছে। ফেসবুক কর্তৃপক্ষ সাড়া না দেওয়ায় সরকারের সব ইচ্ছা পূরণ হয়নি। এখনো ফেসবুক-ব্লগ ইত্যাদি বন্ধের জন্য অনেকেরই হাত নিশপিশ করে। উগ্র ধর্মীয় গোষ্ঠীর তরফ থেকে এমন দাবি আছে। সরকারের ভেতরের রক্ষণশীল অংশও বিভিন্ন সময়ে এমন ধাতের কথা বলেন। সর্বশেষ জেলা প্রশাসকদের সম্মেলনে ডিসিদের পক্ষ থেকে এ রকম দাবি তোলা হয়। দাবির ভিত্তি হচ্ছে এই যুক্তি যে, গভীর রাত পর্যন্ত ফেসবুক ব্যবহারের ফলে ছাত্রছাত্রী ও তরুণ-তরুণীদের পড়ালেখায় বিঘ্ন ঘটছে। শিশুরা গভীর রাত পর্যন্ত কার্টুন দেখছে। এতে তাদের শারীরিক ও মানসিক বিকাশ ব্যাহত হচ্ছে।<br>যুক্তিটা যেহেতু উঠেছে, তাই এ নিয়ে আলোচনা হওয়া দরকার। নইলে বারবার এ ধরনের কানা যুক্তি আমাদের বিযুক্ত করবার জন্য তোলা হবে। প্রথম কথা হলো, এ অভিযোগের পেছনে কোনো জরিপ বা অনুসন্ধানের কথা এখন পর্যন্ত জানা যায়নি। কথাটা আংশিক সত্য হতে পারে। অনেক ছাত্রছাত্রীরই রাত জেগে ফেসবুক করার বিষয়টি সম্পূর্ণ নির্দোষ না। তবে শিশুদের পক্ষে বাবা-মায়ের চোখ এড়িয়ে একা একা রাত জেগে ফেসবুক করার সুযোগ খুব কম। এখনো অধিকাংশ শিশুই ফেসবুকের আওতার বাইরে। উল্লেখযোগ্য–সংখ্যক কিশোর-কিশোরীর ফেসবুক অ্যাকাউন্ট আছে। তারা যদি রাত জেগে অনলাইনে আসতে চায়, তাহলে ফেসবুক ছাড়া আরও অনেক উপায় তাদের রয়েছে। বিকল্প পথে বন্ধ থাকা ফেসবুকে ঢুকবার উপায়ও তারা দ্রুতই রপ্ত করে ফেলতে পারবে। সবচেয়ে ভয়াবহ হবে, যদি ফেসবুক না পেয়ে তারা অনলাইনে সহজলভ্য সোসাইটি সময় কাটাতে বসে! ফেসবুক বন্ধ করে তাদের সেদিকে ঠেলে দেওয়ার মানে হয় না। সুতরাং, জেলা প্রশাসকদের একটা অংশও যদি রাত বারোটা-ছয়টা ফেসবুক বন্ধের পক্ষে মত দিয়ে থাকেন, তাঁদের উচিত মতটা যুক্তির ধামার তলায় চাপা দিয়ে রাখা। এ ধরনের নিয়ন্ত্রণের ফল সর্বদাই বুমেরাং হয়। বরং সমস্বরে ফেসবুকের কাছে শিশু–কিশোরদের জন্য িকছু িকছু সুযোগ সীমিত করার দাবি তোলা যেতে পারে।<br>সমস্যা আছে যখন তখন গোড়ায় হাত দিন না! নিয়ন্ত্রণ করে সবকিছু সামাল দেওয়া যাবে না। আমাদের শিশু-কিশোরেরা কেবল মা-বাবার সন্তান নয়। তারা বেড়ে ওঠে পরিবারে, বিদ্যালয়ে। তারা প্রভাবিত হয় গণমাধ্যম এবং সামাজিক জলবায়ু দিয়ে। এসব পরিসরে এমন সংস্কৃতির বিকাশ ঘটাতে হবে, যেখানে নতুন প্রজন্ম নিজে থেকেই তার ভালো–মন্দ বুঝতে শিখবে। তাদের বোঝাবার জন্য আগে তো তাদের মনটা বুঝতে হবে। সেই সময় কি আমরা দিই? আমরা কি তাদের জন্য আনন্দদায়ক সমাজ-শহর-গ্রাম ও পরিবেশ দিতে পারছি? আমরা কি তাদের আনন্দ ও উত্তেজনা প্রকাশের জন্য সুস্থ উপায় তৈরি করে রেখেছি? রেখেছি মাঠ? রেখেছি আনন্দদায়ক বিদ্যায়তন, রেখেছি নিরাপদ সড়ক, রেখেছি দলবদ্ধ মেলামেশা ও শিশুসুলভ রোমাঞ্চের সুযোগ?<br>রাত বারোটার পরে কার্টুন চ্যানেল বন্ধ করবেন? কিন্তু আজকাল তো কিশোর-কিশোরীরাও হিন্দি সিরিয়াল দেখে, বলিউডি ধামাকা নাচ-গান দেখে। রিয়েলিটি শোর টার্গেট তো তারাও। শ খানেক ভারতীয় চ্যানেলের অনেকটিতে এমন নাচ-গান ও শো চলে, যা চিত্তকে নয়, জাগায় কামনাকে। কিছু ব্যতিক্রম বাদে প্রায় প্রতিটি বলিউডি সিনেমায় আইটেম গান নামের এক বস্তু আছে। এসব গানের নর্তকীদের বলা হয় আইটেম গার্ল। এসব সিনেমার নায়কেরাও সাধারণত হন প্রবল পুরুষ, বাংলায় যাকে আমরা বলি ব্যাটা, ইংরেজিতে বলে মাচো। হিন্দি চ্যানেলের রিয়েলিটি শোরই আরেক নমুনা। একটি অবুঝ শিশু যখন কোনো আইটেম গানের আইটেম গার্লের মতো সেজে ও পোশাক পরে হুবহু সেভাবেই নাচে, তখন তাকে কি আর নিরীহ বিনোদন বলা সম্ভব? দুটি বালক-বালিকাকে প্রেমঘন গানে ও সেমতো অভিনয় করালে তাদের মনেই-বা কী ক্রিয়া হয়, আর দর্শকদের মধ্যেই-বা কী প্রতিক্রিয়া হয়? এভাবে শিশুদের একাধারে ‘খুদে প্রাপ্তবয়স্ক’ বানিয়ে বড়দের ‘আনন্দের পুতুল’ হিসেবে পরিবেশন করা হয়? এটাও কি একধরনের অ্যাবিউজ নয়? এভাবে জনসংস্কৃতিতে বিনোদনের যে রেশমি ফাঁস পাতা থাকছে, তাতে পতঙ্গের মতো অনেকেই গিয়ে আটকাতে পারে। এসবের বেলায় কী করণীয় তা ভেবেছেন কি কেউ?<br>তা ছাড়া ফেসবুক বিষয়টা বোঝাতে সম্ভবত আমাদের ঘাটতি আছে। শুরুতে এটা ছিল নিছক একটা সামাজিক মাধ্যম। তারপর এটা হয়ে পড়ল বৈশ্বিক অনলাইন পাটাতন। এখন ফেসবুক নিজেই একটা বিকল্প বাস্তবতা। বাংলাদেশে প্রায় আড়াই কোটি ফেসবুক ব্যবহারকারী আছে। এদের বড় অংশের জন্যই ফেসবুক ছাড়া বাস্তবতা অসম্পূর্ণ থেকে যাবে। একসঙ্গে এখানে যোগাযোগ, বিনোদন, খবর, ছবি, তথ্যসূত্রসহ হেন কিছু নেই যা পাওয়া যায় না। ফেসবুক আর গুগল যতই অন্তরঙ্গ হচ্ছে, ততই এই মাধ্যমটা হয়ে পড়ছে জানাশোনা, মেলামেশা, পড়ালেখা, জ্ঞান ও রোমাঞ্চভুক মানুষের অবিকল্প মাধ্যম। এটা এখন এমন এক হাইওয়ে, যা সবচেয়ে গতিশীল এবং সবচেয়ে বেশি অনলাইন চলাচলকারী এ পথেই পা বাড়ান।<br>ফেসবুক এক ঘণ্টার জন্য বন্ধ হওয়ার আর্থিক ক্ষতিও কম নয়। অনেক ব্যক্তি উদ্যোগ ও প্রতিষ্ঠানের লোকজনের জন্য রাতের বেলায় যোগাযোগের জানালাটা খোলা রাখতেই হয়। আমাদের দেশে যখন রাত, তখন দুনিয়ার অনেকখানেই কর্মব্যস্ত দিন। ই-কমার্স অ্যাসোসিয়েশন অব বাংলাদেশের সভাপতি রাজীব আহমেদ বলেছেন, ফেসবুকনির্ভর ই-কমার্সের যোগাযোগ মূলত রাতেই বেশি হয়। সে সময় ফেসবুক বন্ধ থাকলে ব্যবসায়ীরা ক্ষতিগ্রস্ত হবেন। এক সমীক্ষা বলছে, প্রতি মাসে ফেসবুকের মাধ্যমে বাণিজ্যের পরিমাণ প্রায় ২০০ কোটি টাকা। আর ৩০ শতাংশ স্থানীয় ব্যবসায়িক কর্মকাণ্ড হয় ফেসবুকের মাধ্যমে। তাঁরা নিজেরা বিকল্প মাধ্যমে গেলেও কী করে তাঁদের ক্রেতা ও ব্যবসায়িক সহযোগীদের বিকল্পের দিকে ঠেলবেন?<br>২০১৫ সালে তিন সপ্তাহ ফেসবুক বন্ধ রাখার কথা ভাবলে ফেসবুকনির্ভর ব্যবসায়ীদের কপালে দুশ্চিন্তার ভাঁজ পড়ে। এই সাময়িক নিষেধাজ্ঞার গুণে বাংলাদেশ ইতিমধ্যে মাত্র চার দেশের একটি হয়েছে, যারা কিছু সময়ের জন্য ফেসবুক বন্ধ করেছে। বাকি দেশগুলো হলো ইরান, চীন, উত্তর কোরিয়া। ওই তিনটি দেশের গণতন্ত্র প্রশ্নবিদ্ধ বটে, তবে কি বাংলাদেশও শাসনপদ্ধতির দিক থেকে তাদের পথেই হাঁটছে?<br>জাহাজ আবিষ্কৃত হওয়ার সঙ্গে জাহাজডুবি আবিষ্কৃত হয়, তেমনি ফেসবুকের সঙ্গে চলে আসে এর কুপ্রভাবও। কুপ্রভাব মোকাবিলার শত উপায় আছে, কিন্তু জানালা-দরজা খোলা রেখেই তা করা ভালো। ইতিমধ্যে রাজপথ, সংসদসহ মতপ্রকাশের অনেক দরজা-জানালাই সংকুচিত করা হয়েছে। ফেসবুক িনয়ন্ত্রণে জঙ্গিদের সুবিধা হবে। যোগাযোগের জন্য তাদের ফেসবুক দরকার নেই। কিন্তু সমাজের মানসিক স্বাস্থ্য যোগাযোগের জন্য আমাদের এই িডজিটাল মহাসড়ক চাই।<br>মুক্তিযুদ্ধের সেই গানটাই মনে করাই, ‘সব কটা জানালা খুলে দাও না’।', 'Md. Nazmul Haque', './uploaded_blog_image/facebookimg.jpg', 0, 1),
(14, 1, '১৫ এপ্রিল থেকে সিটিং-গেটলক যান চলবে না', '১৫ এপ্রিল থেকে রাজধানী ঢাকায় সিটিং, গেটলক এবং স্পেশাল সার্ভিস নামে বাস ও মিনিবাস চলতে পারবে না। কারণ, এসব বাস-মিনিবাসের নামে বাড়তি ভাড়া আদায় করা হয়। যাত্রাপথে দাঁড়িয়ে থাকার পরও যাত্রীরা ওঠার সুযোগ পায় না।', '১৫ এপ্রিল থেকে রাজধানী ঢাকায় সিটিং, গেটলক এবং স্পেশাল সার্ভিস নামে বাস ও মিনিবাস চলতে পারবে না। কারণ, এসব বাস-মিনিবাসের নামে বাড়তি ভাড়া আদায় করা হয়। যাত্রাপথে দাঁড়িয়ে থাকার পরও যাত্রীরা ওঠার সুযোগ পায় না।<br><br>পরিবহনমালিকদের সংগঠন ঢাকা সড়ক পরিবহন সমিতি এক সংবাদ সম্মেলনে এসব কথা জানায়। আজ মঙ্গলবার রাজধানীর ইঞ্জিনিয়ারিং ইনস্টিটিউট মিলনায়তনে এ সংবাদ সম্মেলন অনুষ্ঠিত হয়।<br><br>সড়ক পরিবহন সমিতির সাধারণ সম্পাদক খন্দকার এনায়েতুল্যাহ সংবাদ সম্মেলনে জানান, ১৫ এপ্রিলের পর যাত্রীদের কাছ থেকে কোনোভাবেই অতিরিক্ত ভাড়া নেওয়া যাবে না। ভাড়ার তালিকা বাসের ভেতর দৃশ্যমান স্থানে টানিয়ে রাখতে হবে। ছাদের ওপরে ক্যারিয়ার সাইট অ্যাঙ্গেল ও ভেতরের অতিরিক্ত আসন খুলে ফেলতে হবে। প্রতিটি বাস ও মিনিবাসে নারী ও প্রতিবন্ধীদের জন্য আলাদা আসন সংরক্ষণ করতে হবে। রং চটা, রংবিহীন, জরাজীর্ণ বাস মেরামত করে রাস্তায় নামাতে হবে। এর জন্য এক মাস সময় দেওয়া হবে। এসব সিদ্ধান্ত বাস্তবায়নের ভিজিল্যান্স টিম গঠন করে পরিদর্শন করা হবে।<br>আইন অমান্যকারীদের বিরুদ্ধে ব্যবস্থা নিতে বিআরটিএ এবং ডিএমপিকে চিঠি দেওয়া হবে বলেও জানান খন্দকার এনায়েতুল্যাহ।<br><br>ঢাকায় পরিবহন খাতে প্রচুর চাঁদাবাজির অভিযোগে ব্যাপারে খন্দকার এনায়েতুল্যাহ বলেন, কোম্পানির নামে বাস চলাচল শুরুর পরই চাঁদাবাজি বেড়েছে। একজন মালিকের গাড়ি থাক বা না থাক, ওই মালিকের অধীনে চাঁদা দিয়ে গাড়ি চালায়। এ ছাড়া ডিএমপিকে প্রতিদিন ১০৭টি বাস রিকুইজিশনে দিতে হয়। এ জন্য পুলিশ বাসমালিককে দেয় ৩০০ টাকা। এ টাকায় শ্রমিকের বেতন দেওয়া যায় না। মালিকের কিছুই থাকে না।<br><br>এর আগে মালিকেরা বৈঠক করেন। বৈঠকে নতুন মোটরযান খসড়া আইন অমান্য করার জন্য প্রচুর জরিমানার ব্যাপারটি নিয়ে আলোচনা হয়েছে। নিয়ম অমান্য করলে জরিমানা কমানোর জন্য আন্দোলনে যেতে চায় মালিকপক্ষ। তারা এ ব্যাপারে প্রধানমন্ত্রীর সঙ্গে সাক্ষাতের চেষ্টা করবেন।', 'Md. Nazmul Haque', './uploaded_blog_image/dhaka_siting_baus.jpg', 6, 1),
(15, 30, 'পুতিনকে ট্রাম্পের ফোন', 'যুক্তরাষ্ট্রের প্রেসিডেন্ট ডোনাল্ড ট্রাম্প গতকাল সোমবার রাশিয়ার প্রেসিডেন্ট ভ্লাদিমির পুতিনকে ফোন করেছেন।', 'যুক্তরাষ্ট্রের প্রেসিডেন্ট ডোনাল্ড ট্রাম্প গতকাল সোমবার রাশিয়ার প্রেসিডেন্ট ভ্লাদিমির পুতিনকে ফোন করেছেন। ওই ফোনালাপে তিনি জানান, ওয়াশিংটন মস্কোকে পুরোপুরি সমর্থন দেবে।<br><br>সেন্ট পিটার্সবার্গে পাতালরেলে হামলার ঘটনায় হতাহত ব্যক্তিদের প্রতি সমবেদনা জানান ট্রাম্প। একই সঙ্গে হামলার নিন্দাও জানান। ট্রাম্প বলেন, তিনি পুতিনের পাশে আছেন।<br><br>হোয়াইট হাউস এক বিবৃতিতে ট্রাম্পের ফোনালাপ সম্পর্কে বলে, প্রেসিডেন্ট ট্রাম্প মার্কিন সরকারের পক্ষ থেকে পূর্ণ সমর্থন জানিয়েছেন। তিনি হামলায় জড়িত ব্যক্তিদের বিচারের আওতায় আনতে পুতিনকে সহযোগিতা করবেন।<br><br>রাশিয়ার ওই হামলায় ১১ জন নিহত ও বেশ কয়েকজন আহত হয়েছেন। রাশিয়ার সরকার এটিকে সন্ত্রাসী আচরণ হিসেবে বিবেচনা করছে। সন্ত্রাস দমনে ঐক্যবদ্ধভাবে কাজ করতে একমত হয়েছেন দুই দেশের প্রেসিডেন্ট।<br><br>পিটার্সবার্গের ওই হামলার দায় এখনো কেউ স্বীকার করেনি। গতকাল হোয়াইট হাউসের এক অনুষ্ঠানে ট্রাম্প এই হামলাকে ভয়ংকর বলে অভিহিত করেন।<br><br>গত বছর প্রেসিডেন্ট নির্বাচনে পুতিনের হস্তক্ষেপ নিয়ে মার্কিন কংগ্রেসে তদন্ত চলছে। যুক্তরাষ্ট্রের গোয়েন্দা সংস্থাগুলো অভিযোগ করেছে, ট্রাম্পকে জেতাতে পুতিন নির্বাচনে সহায়তা করেছেন।', 'Md. Nazmul Haque', './uploaded_blog_image/tramp_putin_c.jpg', 11, 1),
(17, 34, ' টি-টোয়েন্টিকে মাশরাফির ‘বিদায়’', 'গুঞ্জন একটা ছিলই। তবে তা এখনই বাস্তব হয়ে উঠবে কি না, সেটাই ছিল প্রশ্ন। উত্তরটা কাল দিয়ে দিলেন মাশরাফি বিন মুর্তজা নিজেই। আনুষ্ঠানিকভাবে জানিয়ে দিলেন, চলতি শ্রীলঙ্কা সিরিজের পর আর খেলবেন না আন্তর্জাতিক টি-টোয়েন্টি ক্রিকেট।', '<p class="Hdg2col" xss=removed>গুঞ্জন একটা ছিলই। তবে তা এখনই বাস্তব হয়ে উঠবে কি না, সেটাই ছিল প্রশ্ন। উত্তরটা কাল দিয়ে দিলেন মাশরাফি বিন মুর্তজা নিজেই। আনুষ্ঠানিকভাবে জানিয়ে দিলেন, চলতি শ্রীলঙ্কা সিরিজের পর আর খেলবেন না আন্তর্জাতিক টি-টোয়েন্টি ক্রিকেট।</p><p class="TEXT" xss=removed>কলম্বোর প্রেমাদাসা স্টেডিয়ামে কাল শ্রীলঙ্কার বিপক্ষে প্রথম টি-টোয়েন্টি ম্যাচের টসের পরই ঘোষণাটা দেন বাংলাদেশ অধিনায়ক।</p><p class="TEXT" xss=removed>ধারাভাষ্যকার ডিন জোন্সকে মাশরাফি জানিয়ে দেন, ‘বাংলাদেশের হয়ে এটাই আমার শেষ টি-টোয়েন্টি সিরিজ। আমি ধন্যবাদ দিতে চাই বিসিবি, আমার পরিবার ও বন্ধুদের, সতীর্থ এবং কোচিং স্টাফদের। ১৫-১৬ বছর ধরে আমাকে সমর্থন জানিয়ে আসা ভক্তদেরও ধন্যবাদ।’</p><p class="TEXT" xss=removed>এর একটু আগে নিজের অফিশিয়াল ফেসবুক পেজেও টি-টোয়েন্টিকে বিদায়ের কথা লিখেছেন মাশরাফি। তাঁর ওপর আস্থা রাখায় বিসিবিকে ধন্যবাদ দিয়েছেন। কৃতজ্ঞতা প্রকাশ করেছেন ভক্ত, পরিবার ও বন্ধুদের প্রতি। ফেসবুকে মাশরাফি লিখেছেন, ‘এই সুদীর্ঘ ক্যারিয়ারে উত্থান এবং পতন ছিল। আমি সব সময় চেষ্টা করেছি আমার ফ্যানদের খুশি করার। আমি আমার প্রত্যেক ফ্যানের কাছে তাদের প্রতি ম্যাচে খুশি করতে না পারার জন্য ক্ষমা চাইছি।’</p><p class="TEXT" xss=removed>টি-টোয়েন্টি ক্রিকেটকে বিদায় জানাতে এটাকেই উপযুক্ত সময় মনে করেছেন বাংলাদেশ দলের ওয়ানডে ও টি-টোয়েন্টি অধিনায়ক। দল এবং টি-টোয়েন্টির নতুন অধিনায়ককে আগাম শুভেচ্ছাও জানিয়েছেন তিনি। গুঞ্জন আছে, দায়িত্বটা পেতে যাচ্ছেন সাকিব আল হাসান। তবে কাল কলম্বোতে বিসিবি সভাপতি নাজমুল হাসান জানিয়েছেন, এ ব্যাপারে চূড়ান্ত সিদ্ধান্ত হবে বোর্ড সভায়।</p><p class="TEXT" xss=removed>ফেসবুক স্ট্যাটাস এবং ডিন জোন্সকে বলা মাশরাফির কথা থেকে মনে হয়, টি-টোয়েন্টিকে বিদায় জানানোর সিদ্ধান্তটি তিনি স্বেচ্ছায়ই নিয়েছেন। তবে একটি সূত্রের তথ্য, বিসিবি থেকেই নাকি মাশরাফিকে বলা হয়েছে টি-টোয়েন্টি ক্রিকেট থেকে সরে দাঁড়াতে। সেটিরই ধারাবাহিকতায় কাল মাশরাফির ওই ঘোষণা।</p><p class="TEXT" xss=removed><a rel="jw_big_image[gallery]" href="http://paimages.prothom-alo.com/contents/cache/images/800x0x1/uploads/media/2017/04/05/084ce5d024caac77e8c3d7095582eb01-58e400de90982.jpg" title="" id="media_0" class="jw_media_holder pop-media-holder media_image jwMediaContent aligncenter pop-active" data-image="http://paimages.prothom-alo.com/contents/cache/images/800x0x1/uploads/media/2017/04/05/084ce5d024caac77e8c3d7095582eb01-58e400de90982.jpg" data-caption="মাশরাফি বিন মুর্তজা" data-author="" xss=removed><img itemprop="image" src="http://paimages.prothom-alo.com/contents/cache/images/800x0x1/uploads/media/2017/04/05/084ce5d024caac77e8c3d7095582eb01-58e400de90982.jpg" alt="মাশরাফি বিন মুর্তজা" xss=removed width="800"><span class="jw_media_caption" xss=removed><span class="tt" xss=removed>মাশরাফি বিন মুর্তজা</span></span></a>টি-টোয়েন্টি ক্রিকেটকে মাশরাফির বিদায় জানানোর আলোচনার শুরু ২০১৬-এর জানুয়ারিতে জিম্বাবুয়ের বিপক্ষে হোম সিরিজ চলাকালে। তখন শোনা গিয়েছিল, ওই বছরেরই মার্চে ভারতে অনুষ্ঠিত টি-টোয়েন্টি বিশ্বকাপের পর তিনি আর ২০ ওভারের ক্রিকেট খেলবেন না। পরে মাশরাফি নিজেই সে সিদ্ধান্ত থেকে সরে আসেন। গত ডিসেম্বর-জানুয়ারির নিউজিল্যান্ড সফরে আবারও আলোচনায় আসে বিষয়টি। সেবারও আনুষ্ঠানিক ঘোষণা আসেনি তাঁর মুখ থেকে। অবশেষে কাল সেই ঘোষণা এল এবং এল আগের ঘটনাগুলোর সম্পূর্ণ বিপরীত একটি প্রশ্ন নিয়ে—টি-টোয়েন্টি ক্রিকেটটা কি শেষ পর্যন্ত স্বেচ্ছায় ছাড়তে পারলেন মাশরাফি?</p><p class="TEXT" xss=removed>শ্রীলঙ্কার বিপক্ষে এবারের টেস্ট সিরিজ চলার সময়ই জানা গিয়েছিল, কোচ চন্ডিকা হাথুরুসিংহে সীমিত ওভারের ক্রিকেটে মাশরাফিকে আর চাচ্ছেন না। বিশেষ করে, টি-টোয়েন্টির জন্য কোচের যে টিম কম্বিনেশন, সেখানে মাশরাফির জায়গা হয় না। তাঁর বোলিংটাই নাকি হাথুরুসিংহের কাছে টি-টোয়েন্টি উপযোগী মনে হচ্ছে না। এই সংস্করণের ক্রিকেটের জন্য তাই বিসিবির কাছে নতুন অধিনায়কও চেয়ে পাঠিয়েছিলেন তিনি শ্রীলঙ্কা থেকে। ওয়ানডে সিরিজের আগে মাশরাফি তাই অস্বস্তি নিয়েই যোগ দিয়েছিলেন দলের সঙ্গে।</p><p class="TEXT" xss=removed>যেকোনো কারণেই হোক, বিসিবি কোচের প্রস্তাবে সাড়া না দেওয়ায় শ্রীলঙ্কায় টি-টোয়েন্টি সিরিজেও মাশরাফির নেতৃত্বে খেলছে বাংলাদেশ দল। তবে হাথুরুসিংহের ইচ্ছাও অপূর্ণ রাখছে না বোর্ড। ‘আদিষ্ট’ হয়ে মাশরাফির অবসর ঘোষণার মাধ্যমে সেটি পূরণ হয়ে যাচ্ছে এই সিরিজ শেষ হওয়ার সঙ্গে সঙ্গেই। বিসিবির প্রধান নির্বাহী কর্মকর্তা নিজাম উদ্দিন চৌধুরী অবশ্য এর ব্যাখ্যা দিলেন একটু ঘুরিয়ে। কাল রাতে কলম্বো থেকে মুঠোফোনে তিনি শুধু বলেছেন, ‘মাশরাফি যে আজ (গতকাল) টি-টোয়েন্টি ক্রিকেট থেকে অবসর নেবেন, বোর্ডের সঙ্গে আলোচনার মাধ্যমে সেটা আগেই ঠিক করা ছিল।’</p><p class="TEXT" xss=removed>কাল বাংলাদেশ দলের হয়ে ৫৩তম টি-টোয়েন্টি ম্যাচ খেলেছেন মাশরাফি। অধিনায়ক হিসেবে এটি ছিল তাঁর ২৭তম ম্যাচ।</p>', 'Md. Nazmul Haque', './uploaded_blog_image/masb1.jpg', 22, 1),
(18, 33, ' জামাইয়ের সেটে শ্বশুর ভিআইপি', 'শ্বশুর রজনীকান্তের আশীর্বাদ নিয়ে ‘ভিআইপি-২’ ছবির শুটিং শুরু করেছিলেন জামাই ধানুশ। শনিবার ‘ভিআইপি-২’ শুটিং শেষের দিনেও রজনীকান্ত উপস্থিত হয়েছিলেন সেটে। ', 'শ্বশুর রজনীকান্তের আশীর্বাদ নিয়ে ‘ভিআইপি-২’ ছবির শুটিং শুরু করেছিলেন জামাই ধানুশ। শনিবার ‘ভিআইপি-২’ শুটিং শেষের দিনেও রজনীকান্ত উপস্থিত হয়েছিলেন সেটে। সেদিন সেখানে তিনিই ছিলেন বড় ‘ভিআইপি’। তাঁর সঙ্গে ছবি তুলে সামাজিক যোগাযোগমাধ্যমে সেটি প্রকাশ করেছেন অভিনেতা ধানুশ। ক্যাপশনে লিখেছেন, ‘আমাদের খুব আপন থালাইভারের (রজনীকান্তকে দক্ষিণে এ নামেই ডাকা হয়) আশীর্বাদ নিয়ে “ভিআইপি-২” ছবির শুটিং শেষ করলাম।’<br><br>ছবির প্রযোজক রজনীকান্তের বড় মেয়ে সৌন্দর্য। ধানুশ হলেন রজনীকান্তের ছোট মেয়ে ঐশ্বরিয়ার স্বামী। এই ছবির মাধ্যমে দীর্ঘ ২০ বছর পর দক্ষিণের ছবিতে ফিরলেন কাজল। ১৯৯৭ সালে ‘সাপনে’ নামের একটি ছবিতে অরবিন্দ স্বামী ও প্রভু দেভার সঙ্গে অভিনয় করেছিলেন তিনি। কিন্তু ‘ভিআইপি-২’ ছবির শুটিংয়ের শেষের দিন তিনি সেখানে উপস্থিত থাকতে পারেননি। কারণ, কাজল আগেই তাঁর অংশের শুটিং শেষ করে মুম্বাই ফিরেছেন।’ এনডিটিভি।', 'Md. Nazmul Haque', './uploaded_blog_image/vip2.jpg', 2, 1),
(19, 31, 'ভারতের সঙ্গে প্রতিরক্ষা চুক্তি কেন?', 'ভারতের সঙ্গে সম্ভাব্য প্রতিরক্ষা সহযোগিতা চুক্তি বা স্মারকের বিরোধিতা করে বিএনপির মহাসচিব মির্জা ফখরুল ইসলাম আলমগীর বলেছেন, ‘বাংলাদেশ সরকার দাবি করে, ভারত-বাংলাদেশ সম্পর্ক বর্তমানে সর্বকালের উষ্ণতম পর্যায়ে আছে। সে ক্ষেত্রে এই মুহূর্তে বাংলাদেশকে কেন ভারতের সঙ্গে প্রতিরক্ষা চুক্তি করতে হবে তা বোধগম্য নয়।’ তিনি প্রধানমন্ত্রীর সফরের আগে সম্ভাব্য সব চুক্তি ও স্মারকের বিষয়ে জানানোর আহ্বান জানান।', 'ভারতের সঙ্গে সম্ভাব্য প্রতিরক্ষা সহযোগিতা চুক্তি বা স্মারকের বিরোধিতা করে বিএনপির মহাসচিব মির্জা ফখরুল ইসলাম আলমগীর বলেছেন, ‘বাংলাদেশ সরকার দাবি করে, ভারত-বাংলাদেশ সম্পর্ক বর্তমানে সর্বকালের উষ্ণতম পর্যায়ে আছে। সে ক্ষেত্রে এই মুহূর্তে বাংলাদেশকে কেন ভারতের সঙ্গে প্রতিরক্ষা চুক্তি করতে হবে তা বোধগম্য নয়।’ তিনি প্রধানমন্ত্রীর সফরের আগে সম্ভাব্য সব চুক্তি ও স্মারকের বিষয়ে জানানোর আহ্বান জানান।<br><br>আজ মঙ্গলবার বিকেলে নয়াপল্টনে দলের কেন্দ্রীয় কার্যালয়ে এক সংবাদ সম্মেলনে মির্জা ফখরুল এসব কথা বলেন।<br>মির্জা ফখরুল বলেন, শোনা যাচ্ছে, ৭ এপ্রিল থেকে প্রধানমন্ত্রীর ভারত সফরে ভারতের সঙ্গে বাংলাদেশের প্রতিরক্ষা চুক্তি বা প্রতিরক্ষা বিষয়ে এমওইউ সই হতে পারে। এতে কী থাকছে, তা স্পষ্ট নয়। জনগণকে পাশ কাটিয়ে ভারতের সঙ্গে দেশের সার্বভৌমত্ব, নিরাপত্তা ও রাষ্ট্রবিরোধী কোনো চুক্তি বা সমঝোতা স্মারক মানুষ মেনে নেবে না। তিনি প্রধানমন্ত্রীর আসন্ন ভারত সফরের আগেই এই সফরে সই হতে যাওয়া চুক্তি ও স্মারক প্রকাশ করার আহ্বান জানান।<br>মির্জা ফখরুল বলেন, ‘আমরা কখনোই বাংলাদেশের ভূখণ্ডে ভারতবিরোধী কর্মকাণ্ডকে জায়গা দেব না। আমরা একই সঙ্গে প্রত্যাশা করি, ভারতও আমাদের অখণ্ডতা, স্বাধীনতা ও সার্বভৌমত্বের প্রতি পূর্ণ শ্রদ্ধাশীল থাকবে।’<br>গণমাধ্যমে প্রকাশিত খবরের বরাত দিয়ে বিএনপির মহাসচিব বলেন, প্রতিরক্ষার নামে ভারত বাংলাদেশের সঙ্গে ৫০ কোটি ডলার বা চার হাজার কোটি টাকার ঋণচুক্তি করবে। এই টাকা দিয়ে ভারত থেকেই অস্ত্র কিনতে হবে। স্টকহোম ইন্টারন্যাশনাল পিস রিসার্চ ইনস্টিটিউটের মতে, ১৯৫০ সালের পর অস্ত্র আমদানিতে এক নম্বরে আছে ভারত। যে দেশ নিজেই অস্ত্র আমদানিতে এক নম্বর, সে দেশের কাছ থেকে বাংলাদেশ কেন অস্ত্র কিনতে যাবে?<br>মির্জা ফখরুল আরও বলেন, ‘সাশ্রয়ী এবং আধুনিক চীনা অস্ত্র ও সরঞ্জামে সজ্জিত আমাদের প্রতিরক্ষা বাহিনীর জন্য ভারতের প্রস্তুতকৃত অধিক দামের অস্ত্র ক্রয় কতটুকু যৌক্তিক, তা নিশ্চয়ই প্রশ্নের দাবি রাখে।’<br>ফখরুল বলেন, এর আগে ভারতের প্রধানমন্ত্রী নরেন্দ্র মোদির বাংলাদেশ সফরের সময় ২২টি চুক্তি ও সমঝোতা স্মারক সই হয়েছিল। বাংলাদেশ কী পেল বা কী দিল, তা দেশবাসীর কাছে এখনো স্পষ্ট নয়।<br>প্রতিরক্ষা চুক্তি হলে বিএনপি কোনো কর্মসূচি দেবে কি না, জানতে চাইলে মির্জা ফখরুল বলেন, চুক্তি হলে তখন দেখা যাবে।', 'Md. Nazmul Haque', './uploaded_blog_image/India-Bangladesh_flag.jpg', 14, 1),
(20, 1, 'সড়ক দুর্ঘটনায় ইউপি চেয়ারম্যানসহ নিহত ২', 'ব্রাহ্মণবাড়িয়ার সরাইলে ট্রাকচাপায় ইউনিয়ন পরিষদের (ইউপি) চেয়ারম্যানসহ দুই ব্যক্তি নিহত হয়েছেন।', 'ব্রাহ্মণবাড়িয়ার সরাইলে ট্রাকচাপায় ইউনিয়ন পরিষদের (ইউপি) চেয়ারম্যানসহ দুই ব্যক্তি নিহত হয়েছেন।<br><br>গতকাল মঙ্গলবার রাত সাড়ে ১০টার দিকে উপজেলার শান্তিনগর এলাকায় ঢাকা-সিলেট মহাসড়কে এই দুর্ঘটনা ঘটে।<br><br>নিহত দুজন হলেন ব্রাহ্মণবাড়িয়ার নাসিরনগর উপজেলার ভলাকুটের ইউপি চেয়ারম্যান এস এম বাকি বিল্লাহ (৩৫) ও তাঁর বন্ধু রনি মিয়া (৩২)। তাঁরা মোটরসাইকেলের আরোহী ছিলেন।<br><br>বাকি বিল্লাহ নাসিরনগর উপজেলা আওয়ামী লীগের যুগ্ম সাধারণ সম্পাদক ছিলেন।<br><br>পুলিশ ও প্রত্যক্ষদর্শী ব্যক্তিদের ভাষ্য, বাকি বিল্লাহ ও তাঁর বন্ধু রনি মোটরসাইকেলে করে ঢাকা থেকে জেলা সদরে আসছিলেন। রাত সাড়ে ১০টার দিকে সরাইলে একটি ট্রাক পেছন থেকে মোটরসাইকেলটিকে চাপা দেয়। এতে বাকি বিল্লাহ ও রনি গুরুতর আহত হন। তাঁদের উদ্ধার করে সরাইল বিশ্বরোড মোড় হাইওয়ে থানা-পুলিশ। জেলা সদর হাসপাতালে নেওয়ার পর রনি মারা যান। উন্নত চিকিৎসার জন্য ঢাকায় নেওয়ার পথে রাত সোয়া ১১টার দিকে বাকি বিল্লাহ মারা যান।<br><br>সরাইল বিশ্বরোড মোড় হাইওয়ে থানার ভারপ্রাপ্ত কর্মকর্তা (ওসি) মো. হুমায়ুন কবির প্রথম আলোকে বলেন, মোটরসাইকেলকে চাপা দিয়ে ট্রাক নিয়ে চালক পালিয়েছেন। এ ঘটনায় মামলা হয়েছে।', 'Md. Nazmul Haque', './uploaded_blog_image/accdientc6b6b-14.jpg', 5, 1),
(21, 34, 'টানা ২০ ম্যাচ অপরাজিত থেকেও আনন্দ নেই মরিনহোর', 'ঘরের মাঠে এভারটনের বিপক্ষে কোনোমতে হার বাঁচিয়েছে ম্যানচেস্টার ইউনাইটেড। এক গোলে পিছিয়ে হারতে বসা ম্যাচটি জ্লাতান ইব্রাহিমোভিচের পেনাল্টিতে ১-১ ড্র করার পর কোচ হোসে মরিনহো বলেছেন, ভিডিও প্রযুক্তি থাকলে ম্যাচটা তাঁর দলই জিতত! এই মৌসুমে ওল্ড ট্রাফোর্ডে এ নিয়ে নয়টি ম্যাচ ড্র করল ম্যানচেস্টার ইউনাইটেড। এই ড্রয়ে ২৯ ম্যাচ শেষে ৫৪ পয়েন্ট নিয়ে লিগের টেবিলে পাঁচে ইউনাইটেড। শিরোপার আশা ক্ষীণ হলে চ্যাম্পিয়নস লিগে খেলার আশা এখনো ভালোমতোই আছে তাদের।', 'ঘরের মাঠে এভারটনের বিপক্ষে কোনোমতে হার বাঁচিয়েছে ম্যানচেস্টার ইউনাইটেড। এক গোলে পিছিয়ে হারতে বসা ম্যাচটি জ্লাতান ইব্রাহিমোভিচের পেনাল্টিতে ১-১ ড্র করার পর কোচ হোসে মরিনহো বলেছেন, ভিডিও প্রযুক্তি থাকলে ম্যাচটা তাঁর দলই জিতত! এই মৌসুমে ওল্ড ট্রাফোর্ডে এ নিয়ে নয়টি ম্যাচ ড্র করল ম্যানচেস্টার ইউনাইটেড। এই ড্রয়ে ২৯ ম্যাচ শেষে ৫৪ পয়েন্ট নিয়ে লিগের টেবিলে পাঁচে ইউনাইটেড। শিরোপার আশা ক্ষীণ হলে চ্যাম্পিয়নস লিগে খেলার আশা এখনো ভালোমতোই আছে তাদের।<br><br>ম্যাচের ৭১ মিনিটের সময় ইব্রাহিমোভিচের গোল অফসাইডের কারণে বাতিল হয়ে যায়। টিভি রিপ্লেতে অবশ্য মনে হয়েছে সুইডিশ তারকার হেড এভারটন গোলকিপার জোয়েল রবেলসকে ফাঁকি দেওয়ার আগে অফসাইডে ছিলেন না। ফুটবলে এরই মধ্যে ভিডিও রেফারি চালু হয়েছে। মাঠের রেফারির এ ধরনের ভুল ভিডিও রেফারি শুধরে নিচ্ছেন এমনটা দেখা গেছে কদিন আগে ফ্রান্স-স্পেন ম্যাচে।<br>স্কোরশিটে শেষ পর্যন্ত ইব্রাহিমোভিচের নাম উঠেছে যোগ করা সময়ে—পেনাল্টি থেকে গোল করে। ম্যাচের ২২ মিনিটে ফিল জাগিয়েলকার গোলে এগিয়ে ছিল এভারটন। ভিডিও রেফারির প্রযুক্তির পক্ষে-বিপক্ষে নানা কথা যখন চলছে, সে সময় মরিনহো উচ্চকিত হলেন এর পক্ষেই। মরিনহোর দাবি, ম্যানচেস্টার ইউনাইটেডে একটি যৌক্তিক জয় থেকে বঞ্চিত হয়েছে, ‘ভিএআর (ভিডিও অ্যাসিস্ট্যান্ট রেফারি) থাকলে আজ আমরা ২-১ গোলে জিততাম। ইব্রাহিমোভিচের গোলটি মোটেও অফসাইড ছিল না।’<br>মরিনহোর অবশ্য লাইন্সম্যানের প্রতি রাগ নেই, ‘ইব্রাহিমোভিচের গোলটি অফসাইড ছিল না, তবে এটা ধরা লাইন্সম্যানের জন্য খুবই কঠিন কাজ। আমি তাঁর বিরুদ্ধে কোনো অভিযোগ করছি না। আমি কেবল বলতে চাই ভিএআর প্রযুক্তি এলে সবার জন্যই ভালো হবে।’<br>লিগে টানা ২০ ম্যাচ অপরাজিত ইউনাইটেড। তবে এই ২০ ম্যাচে ১০টাতেই ড্র। মরিনহো খুশি হবেন নাকি বেজার, ঠিক যেন বুঝতে পারছেন না, ‘২০ ম্যাচে অপরাজিত থাকাটা দারুণ ব্যাপার। এ যুগের প্রিমিয়ার লিগে এটা খুবই কঠিন একটা ব্যাপার। তবে আমাদের গোল করার ক্ষমতার উন্নতি ঘটিয়ে আরও বেশি ম্যাচ জিততে হবে। নিজেদের মাঠে ড্রটা খুব বেশি হয়ে যাচ্ছে।’ সূত্র: এএফপি', 'Md. Nazmul Haque', './uploaded_blog_image/mnu.jpg', 58, 1);

-- --------------------------------------------------------

--
-- Table structure for table `tbl_category`
--

CREATE TABLE `tbl_category` (
  `category_id` int(4) NOT NULL,
  `category_name` varchar(100) NOT NULL,
  `category_description` text NOT NULL,
  `publication_status` tinyint(1) NOT NULL
) ENGINE=InnoDB DEFAULT CHARSET=utf8;

--
-- Dumping data for table `tbl_category`
--

INSERT INTO `tbl_category` (`category_id`, `category_name`, `category_description`, `publication_status`) VALUES
(1, 'বাংলাদেশ', '============', 1),
(30, 'আন্তর্জাতিক', '++++++++++++++', 1),
(31, 'রাজনীতি', '============', 1),
(33, 'বিনোদন', '+++++++++++++', 1),
(34, 'খেলা', 'pppppppppppp', 1),
(35, 'মতামত', '===========', 1);

-- --------------------------------------------------------

--
-- Table structure for table `tbl_comments`
--

CREATE TABLE `tbl_comments` (
  `comments_id` int(5) NOT NULL,
  `blog_id` int(5) NOT NULL,
  `comments_author_name` varchar(50) NOT NULL,
  `email_address` varchar(100) NOT NULL,
  `comments` text NOT NULL,
  `publication_status` tinyint(1) NOT NULL DEFAULT '0',
  `comments_date_time` timestamp NOT NULL DEFAULT CURRENT_TIMESTAMP
) ENGINE=InnoDB DEFAULT CHARSET=utf8;

--
-- Dumping data for table `tbl_comments`
--

INSERT INTO `tbl_comments` (`comments_id`, `blog_id`, `comments_author_name`, `email_address`, `comments`, `publication_status`, `comments_date_time`) VALUES
(1, 21, 'Rasel', 'rasel24@gmail.com', 'স্কোরশিটে শেষ পর্যন্ত ইব্রাহিমোভিচের নাম উঠেছে যোগ করা সময়ে—পেনাল্টি থেকে গোল করে।', 1, '2017-04-11 09:13:30'),
(2, 19, 'Nazmul', 'raseln90@gmail.com', 'আজ মঙ্গলবার বিকেলে নয়াপল্টনে দলের কেন্দ্রীয় কার্যালয়ে এক সংবাদ সম্মেলনে মির্জা ফখরুল এসব কথা বলেন।', 0, '2017-04-11 09:13:30'),
(3, 17, 'Sad', 'sat78@gmail.com', 'কাল বাংলাদেশ দলের হয়ে ৫৩তম টি-টোয়েন্টি ম্যাচ খেলেছেন মাশরাফি। অধিনায়ক হিসেবে এটি ছিল তাঁর ২৭তম ম্যাচ।', 1, '2017-04-11 09:13:30'),
(4, 17, 'Nazmul', 'haque@gmail.com', 'শ্রীলঙ্কার বিপক্ষে এবারের টেস্ট সিরিজ চলার সময়ই জানা গিয়েছিল, কোচ চন্ডিকা হাথুরুসিংহে সীমিত ওভারের ক্রিকেটে মাশরাফিকে আর চাচ্ছেন না। বিশেষ করে, টি-টোয়েন্টির জন্য কোচের যে টিম কম্বিনেশন, সেখানে মাশরাফির জায়গা হয় না। তাঁর বোলিংটাই নাকি হাথুরুসিংহের কাছে টি-টোয়েন্টি উপযোগী মনে হচ্ছে না। এই সংস্করণের ক্রিকেটের জন্য তাই বিসিবির কাছে নতুন অধিনায়কও চেয়ে পাঠিয়েছিলেন তিনি শ্রীলঙ্কা থেকে। ওয়ানডে সিরিজের আগে মাশরাফি তাই অস্বস্তি নিয়েই যোগ দিয়েছিলেন দলের সঙ্গে।', 0, '2017-04-11 09:13:30'),
(5, 15, 'Haqu', 'haque99@gmail.com', 'গত বছর প্রেসিডেন্ট নির্বাচনে পুতিনের হস্তক্ষেপ নিয়ে মার্কিন কংগ্রেসে তদন্ত চলছে। যুক্তরাষ্ট্রের গোয়েন্দা সংস্থাগুলো অভিযোগ করেছে, ট্রাম্পকে জেতাতে পুতিন নির্বাচনে সহায়তা করেছেন।', 1, '2017-04-11 09:13:30'),
(6, 19, 'Haqu', 'rasel@info.com', 'গণমাধ্যমে প্রকাশিত খবরের বরাত দিয়ে বিএনপির মহাসচিব বলেন, প্রতিরক্ষার নামে ভারত বাংলাদেশের সঙ্গে ৫০ কোটি ডলার বা চার হাজার কোটি টাকার ঋণচুক্তি করবে। এই টাকা দিয়ে ভারত থেকেই অস্ত্র কিনতে হবে। স্টকহোম ইন্টারন্যাশনাল পিস রিসার্চ ইনস্টিটিউটের মতে, ১৯৫০ সালের পর অস্ত্র আমদানিতে এক নম্বরে আছে ভারত। যে দেশ নিজেই অস্ত্র আমদানিতে এক নম্বর, সে দেশের কাছ থেকে বাংলাদেশ কেন অস্ত্র কিনতে যাবে?', 1, '2017-04-11 09:13:30'),
(7, 14, 'Nazmul Haque', 'raseln9@gmail.com', 'বৈঠকে নতুন মোটরযান খসড়া আইন অমান্য করার জন্য প্রচুর জরিমানার ব্যাপারটি নিয়ে আলোচনা হয়েছে। নিয়ম অমান্য করলে জরিমানা কমানোর জন্য আন্দোলনে যেতে চায় মালিকপক্ষ। তারা এ ব্যাপারে প্রধানমন্ত্রীর সঙ্গে সাক্ষাতের চেষ্টা করবেন।', 0, '2017-04-11 09:15:36'),
(8, 20, 'tttttu', 'raseln90@gmail.com', 'iiiii', 0, '2017-05-14 04:38:02');

--
-- Indexes for dumped tables
--

--
-- Indexes for table `tbl_admin`
--
ALTER TABLE `tbl_admin`
  ADD PRIMARY KEY (`admin_id`);

--
-- Indexes for table `tbl_blog`
--
ALTER TABLE `tbl_blog`
  ADD PRIMARY KEY (`blog_id`);

--
-- Indexes for table `tbl_category`
--
ALTER TABLE `tbl_category`
  ADD PRIMARY KEY (`category_id`);

--
-- Indexes for table `tbl_comments`
--
ALTER TABLE `tbl_comments`
  ADD PRIMARY KEY (`comments_id`);

--
-- AUTO_INCREMENT for dumped tables
--

--
-- AUTO_INCREMENT for table `tbl_admin`
--
ALTER TABLE `tbl_admin`
  MODIFY `admin_id` int(5) NOT NULL AUTO_INCREMENT, AUTO_INCREMENT=3;
--
-- AUTO_INCREMENT for table `tbl_blog`
--
ALTER TABLE `tbl_blog`
  MODIFY `blog_id` int(5) NOT NULL AUTO_INCREMENT, AUTO_INCREMENT=22;
--
-- AUTO_INCREMENT for table `tbl_category`
--
ALTER TABLE `tbl_category`
  MODIFY `category_id` int(4) NOT NULL AUTO_INCREMENT, AUTO_INCREMENT=36;
--
-- AUTO_INCREMENT for table `tbl_comments`
--
ALTER TABLE `tbl_comments`
  MODIFY `comments_id` int(5) NOT NULL AUTO_INCREMENT, AUTO_INCREMENT=9;
/*!40101 SET CHARACTER_SET_CLIENT=@OLD_CHARACTER_SET_CLIENT */;
/*!40101 SET CHARACTER_SET_RESULTS=@OLD_CHARACTER_SET_RESULTS */;
/*!40101 SET COLLATION_CONNECTION=@OLD_COLLATION_CONNECTION */;
